company_name,industry,company_size,contact_email,contact_name
TechFlow Solutions,SaaS,500-2000,sarah.chen@techflow.io,Sarah Chen
DataVault Inc,Finance,2000+,mike.rodriguez@datavault.com,Mike Rodriguez
HealthSync Pro,Healthcare,50-500,emma.wilson@healthsync.com,Emma Wilson
CloudScale Systems,SaaS,500-2000,james.thompson@cloudscale.io,James Thompson
MediCare Analytics,Healthcare,500-2000,lisa.martinez@medicare-analytics.com,Lisa Martinez
FinanceFirst Group,Finance,2000+,david.kim@financefirst.com,David Kim
SmartFactory Ltd,Manufacturing,500-2000,anna.belov@smartfactory.com,Anna Belov
SecureData Corp,Technology,2000+,john.smith@securedata.io,John Smith
RetailBoost,Retail,50-500,maria.garcia@retailboost.com,Maria Garcia
LogiTrack Systems,Logistics,500-2000,robert.chen@logitrack.com,Robert Chen
EduTech Innovations,Education,50-500,jennifer.lee@edutech.io,Jennifer Lee
AutoManage Pro,SaaS,50-500,carlos.rivera@automanage.io,Carlos Rivera
BioMed Research,Healthcare,500-2000,susan.park@biomed.com,Susan Park
CyberShield,Technology,500-2000,william.anderson@cybershield.io,William Anderson
GreenEnergy Solutions,Energy,2000+,patricia.johnson@greenenergy.com,Patricia Johnson
FoodChain Analytics,Food & Beverage,50-500,michael.brown@foodchain.io,Michael Brown
PropTech Ventures,Real Estate,500-2000,jessica.taylor@proptech.io,Jessica Taylor
TravelSync,Travel,50-500,daniel.white@travelsync.com,Daniel White
MediaFlow Platform,Media,500-2000,amanda.lewis@mediaflow.io,Amanda Lewis
InsureTech Pro,Finance,50-500,christopher.hall@insuretech.com,Christopher Hall
SmartRetail Systems,Retail,500-2000,michelle.allen@smartretail.io,Michelle Allen
DevOps Cloud,SaaS,500-2000,matthew.young@devopscloud.io,Matthew Young
QuantumPharma,Healthcare,2000+,elizabeth.king@quantumpharma.com,Elizabeth King
NextGen Banking,Finance,2000+,joseph.wright@nextgenbank.com,Joseph Wright
AIFactory Systems,Manufacturing,500-2000,sarah.lopez@aifactory.io,Sarah Lopez
CryptoSecure,Technology,50-500,andrew.hill@cryptosecure.io,Andrew Hill
FitnessHub Platform,Healthcare,50-500,stephanie.scott@fitnesshub.com,Stephanie Scott
CloudCommerce,SaaS,500-2000,brandon.green@cloudcommerce.io,Brandon Green
LegalTech Solutions,Legal,50-500,rachel.adams@legaltech.io,Rachel Adams
AgriSmart Systems,Agriculture,500-2000,kevin.baker@agrismart.com,Kevin Baker
